[{"model": "admin.logentry", "pk": 1, "fields": {"action_time": "2024-06-08T13:17:46.793Z", "user": 1, "content_type": 6, "object_id": "3", "object_repr": "jaknap@gmail.com", "action_flag": 1, "change_message": "[{\"added\": {}}]"}}, {"model": "admin.logentry", "pk": 2, "fields": {"action_time": "2024-06-08T13:17:52.657Z", "user": 1, "content_type": 6, "object_id": "3", "object_repr": "jaknap@gmail.com", "action_flag": 2, "change_message": "[]"}}, {"model": "admin.logentry", "pk": 3, "fields": {"action_time": "2024-06-25T05:35:55.580Z", "user": 2, "content_type": 7, "object_id": "1", "object_repr": "Post by pankaj on 2024-06-25 05:35:55.578732+00:00", "action_flag": 1, "change_message": "[{\"added\": {}}]"}}, {"model": "admin.logentry", "pk": 4, "fields": {"action_time": "2024-06-25T05:38:13.520Z", "user": 2, "content_type": 8, "object_id": "1", "object_repr": "comment by pankaj on pankaj@gmail.com", "action_flag": 1, "change_message": "[{\"added\": {}}]"}}, {"model": "admin.logentry", "pk": 5, "fields": {"action_time": "2024-06-25T11:17:42.127Z", "user": 2, "content_type": 7, "object_id": "2", "object_repr": "Post by Guest on 2024-06-25 11:17:42.124076+00:00", "action_flag": 1, "change_message": "[{\"added\": {}}]"}}, {"model": "admin.logentry", "pk": 6, "fields": {"action_time": "2024-06-25T11:39:32.947Z", "user": 2, "content_type": 7, "object_id": "3", "object_repr": "Post by shyam on 2024-06-25 11:39:32.944223+00:00", "action_flag": 1, "change_message": "[{\"added\": {}}]"}}, {"model": "admin.logentry", "pk": 7, "fields": {"action_time": "2024-07-02T12:17:36.542Z", "user": 2, "content_type": 7, "object_id": "6", "object_repr": "Post by pankaj on 2024-07-02 12:11:00.692342+00:00", "action_flag": 2, "change_message": "[{\"changed\": {\"fields\": [\"Content\"]}}]"}}, {"model": "admin.logentry", "pk": 8, "fields": {"action_time": "2024-07-02T15:18:00.193Z", "user": 2, "content_type": 7, "object_id": "1", "object_repr": "Post by pankaj on 2024-06-25 05:35:55.578732+00:00", "action_flag": 3, "change_message": ""}}, {"model": "admin.logentry", "pk": 9, "fields": {"action_time": "2024-07-02T15:34:03.296Z", "user": 2, "content_type": 7, "object_id": "2", "object_repr": "Post by Guest on 2024-06-25 11:17:42.124076+00:00", "action_flag": 3, "change_message": ""}}, {"model": "admin.logentry", "pk": 10, "fields": {"action_time": "2024-07-02T15:35:30.606Z", "user": 2, "content_type": 7, "object_id": "3", "object_repr": "Post by shyam on 2024-06-25 11:39:32.944223+00:00", "action_flag": 3, "change_message": ""}}, {"model": "admin.logentry", "pk": 11, "fields": {"action_time": "2024-07-03T15:40:53.479Z", "user": 2, "content_type": 8, "object_id": "2", "object_repr": "comment by pankaj on rambhdr@gmail.com", "action_flag": 1, "change_message": "[{\"added\": {}}]"}}, {"model": "admin.logentry", "pk": 12, "fields": {"action_time": "2024-07-04T17:24:57.659Z", "user": 2, "content_type": 8, "object_id": "4", "object_repr": "comment by pankaj on rambhdr@gmail.com", "action_flag": 3, "change_message": ""}}, {"model": "admin.logentry", "pk": 13, "fields": {"action_time": "2024-07-05T01:17:58.734Z", "user": 2, "content_type": 7, "object_id": "6", "object_repr": "Post by pankaj on 2024-07-02 12:11:00.692342+00:00", "action_flag": 2, "change_message": "[{\"changed\": {\"fields\": [\"Content\"]}}]"}}, {"model": "admin.logentry", "pk": 14, "fields": {"action_time": "2024-07-05T01:18:46.085Z", "user": 2, "content_type": 7, "object_id": "10", "object_repr": "Post by pankaj on 2024-07-02 12:48:09.427630+00:00", "action_flag": 2, "change_message": "[{\"changed\": {\"fields\": [\"Content\"]}}]"}}, {"model": "admin.logentry", "pk": 15, "fields": {"action_time": "2024-07-09T14:44:56.912Z", "user": 2, "content_type": 9, "object_id": "1", "object_repr": "My bowling", "action_flag": 1, "change_message": "[{\"added\": {}}]"}}, {"model": "admin.logentry", "pk": 16, "fields": {"action_time": "2024-07-09T14:58:25.732Z", "user": 2, "content_type": 10, "object_id": "1", "object_repr": "VideoComment object (1)", "action_flag": 1, "change_message": "[{\"added\": {}}]"}}, {"model": "admin.logentry", "pk": 17, "fields": {"action_time": "2024-07-10T15:55:36.790Z", "user": 2, "content_type": 9, "object_id": "2", "object_repr": "Video object (2)", "action_flag": 1, "change_message": "[{\"added\": {}}]"}}, {"model": "admin.logentry", "pk": 18, "fields": {"action_time": "2024-07-11T04:23:52.791Z", "user": 2, "content_type": 9, "object_id": "1", "object_repr": "Video object (1)", "action_flag": 3, "change_message": ""}}, {"model": "admin.logentry", "pk": 19, "fields": {"action_time": "2024-07-11T04:24:00.209Z", "user": 2, "content_type": 9, "object_id": "2", "object_repr": "Video object (2)", "action_flag": 3, "change_message": ""}}, {"model": "admin.logentry", "pk": 20, "fields": {"action_time": "2024-07-11T04:26:36.734Z", "user": 2, "content_type": 9, "object_id": "3", "object_repr": "Video object (3)", "action_flag": 1, "change_message": "[{\"added\": {}}]"}}, {"model": "admin.logentry", "pk": 21, "fields": {"action_time": "2024-07-12T00:25:13.550Z", "user": 2, "content_type": 9, "object_id": "3", "object_repr": "Video object (3)", "action_flag": 2, "change_message": "[{\"changed\": {\"fields\": [\"Author\"]}}]"}}, {"model": "admin.logentry", "pk": 22, "fields": {"action_time": "2024-09-01T13:58:36.294Z", "user": 2, "content_type": 11, "object_id": "1", "object_repr": "Message object (1)", "action_flag": 1, "change_message": "[{\"added\": {}}]"}}, {"model": "admin.logentry", "pk": 23, "fields": {"action_time": "2024-09-02T12:31:18.907Z", "user": 2, "content_type": 12, "object_id": "1", "object_repr": "Chatroom object (1)", "action_flag": 1, "change_message": "[{\"added\": {}}]"}}, {"model": "admin.logentry", "pk": 24, "fields": {"action_time": "2024-09-02T14:05:30.133Z", "user": 2, "content_type": 11, "object_id": "2", "object_repr": "shyam: hheh at 2024-09-02 14:05:30.131196+00:00", "action_flag": 1, "change_message": "[{\"added\": {}}]"}}, {"model": "admin.logentry", "pk": 25, "fields": {"action_time": "2024-09-02T14:05:42.972Z", "user": 2, "content_type": 12, "object_id": "1", "object_repr": "Chatroom object (1)", "action_flag": 2, "change_message": "[]"}}, {"model": "admin.logentry", "pk": 26, "fields": {"action_time": "2024-09-03T15:09:55.650Z", "user": 2, "content_type": 11, "object_id": "2", "object_repr": "shyam: hheh at 2024-09-02 14:05:30.131196+00:00", "action_flag": 3, "change_message": ""}}, {"model": "admin.logentry", "pk": 27, "fields": {"action_time": "2024-09-03T15:09:55.652Z", "user": 2, "content_type": 11, "object_id": "1", "object_repr": "Guest: haha at 2024-09-01 13:58:36.293415+00:00", "action_flag": 3, "change_message": ""}}, {"model": "admin.logentry", "pk": 28, "fields": {"action_time": "2024-09-04T01:59:11.711Z", "user": 2, "content_type": 12, "object_id": "1", "object_repr": "ChatRoom between ramshyam and pankaj ", "action_flag": 3, "change_message": ""}}, {"model": "admin.logentry", "pk": 29, "fields": {"action_time": "2024-09-04T03:58:48.010Z", "user": 2, "content_type": 12, "object_id": "2", "object_repr": "ChatRoom between pankaj and ramshyam ", "action_flag": 1, "change_message": "[{\"added\": {}}]"}}, {"model": "admin.logentry", "pk": 30, "fields": {"action_time": "2024-09-04T03:59:07.507Z", "user": 2, "content_type": 11, "object_id": "3", "object_repr": "ramshyam: vgvgjh at 2024-09-04 03:59:07.506452+00:00", "action_flag": 1, "change_message": "[{\"added\": {}}]"}}, {"model": "admin.logentry", "pk": 31, "fields": {"action_time": "2024-09-04T14:04:06.360Z", "user": 2, "content_type": 13, "object_id": "1", "object_repr": "Message from pankaj@gmail.com to ramshyam@gmail.com at 2024-09-04 14:04:06.359380+00:00", "action_flag": 1, "change_message": "[{\"added\": {}}]"}}, {"model": "admin.logentry", "pk": 32, "fields": {"action_time": "2024-09-04T17:40:59.380Z", "user": 2, "content_type": 13, "object_id": "1", "object_repr": "Message from pankaj@gmail.com to ramshyam@gmail.com at 2024-09-04 14:04:06.359380+00:00", "action_flag": 3, "change_message": ""}}, {"model": "admin.logentry", "pk": 33, "fields": {"action_time": "2024-09-07T16:32:49.584Z", "user": 2, "content_type": 16, "object_id": "1", "object_repr": "Tomato: 200", "action_flag": 1, "change_message": "[{\"added\": {}}]"}}, {"model": "admin.logentry", "pk": 34, "fields": {"action_time": "2024-09-07T23:20:16.741Z", "user": 2, "content_type": 17, "object_id": "2", "object_repr": "Verification for ramshyam", "action_flag": 2, "change_message": "[{\"changed\": {\"fields\": [\"Is verified\", \"Verification date\"]}}]"}}, {"model": "admin.logentry", "pk": 35, "fields": {"action_time": "2024-09-08T00:20:39.022Z", "user": 2, "content_type": 17, "object_id": "1", "object_repr": "Verification for pankaj", "action_flag": 3, "change_message": ""}}, {"model": "admin.logentry", "pk": 36, "fields": {"action_time": "2024-09-08T01:08:47.112Z", "user": 2, "content_type": 17, "object_id": "3", "object_repr": "Verification for pankaj", "action_flag": 2, "change_message": "[{\"changed\": {\"fields\": [\"Is verified\"]}}]"}}, {"model": "admin.logentry", "pk": 37, "fields": {"action_time": "2024-09-08T04:15:07.621Z", "user": 2, "content_type": 19, "object_id": "1", "object_repr": "Product object (1)", "action_flag": 1, "change_message": "[{\"added\": {}}]"}}, {"model": "admin.logentry", "pk": 38, "fields": {"action_time": "2024-09-08T04:31:39.910Z", "user": 2, "content_type": 16, "object_id": "2", "object_repr": "Tomato: 250.00", "action_flag": 3, "change_message": ""}}, {"model": "admin.logentry", "pk": 39, "fields": {"action_time": "2024-09-08T05:30:46.937Z", "user": 2, "content_type": 16, "object_id": "3", "object_repr": "Wheat: 5000", "action_flag": 1, "change_message": "[{\"added\": {}}]"}}, {"model": "admin.logentry", "pk": 40, "fields": {"action_time": "2024-09-08T05:34:13.473Z", "user": 2, "content_type": 19, "object_id": "2", "object_repr": "Product object (2)", "action_flag": 1, "change_message": "[{\"added\": {}}]"}}, {"model": "auth.permission", "pk": 1, "fields": {"name": "Can add log entry", "content_type": 1, "codename": "add_logentry"}}, {"model": "auth.permission", "pk": 2, "fields": {"name": "Can change log entry", "content_type": 1, "codename": "change_logentry"}}, {"model": "auth.permission", "pk": 3, "fields": {"name": "Can delete log entry", "content_type": 1, "codename": "delete_logentry"}}, {"model": "auth.permission", "pk": 4, "fields": {"name": "Can view log entry", "content_type": 1, "codename": "view_logentry"}}, {"model": "auth.permission", "pk": 5, "fields": {"name": "Can add permission", "content_type": 2, "codename": "add_permission"}}, {"model": "auth.permission", "pk": 6, "fields": {"name": "Can change permission", "content_type": 2, "codename": "change_permission"}}, {"model": "auth.permission", "pk": 7, "fields": {"name": "Can delete permission", "content_type": 2, "codename": "delete_permission"}}, {"model": "auth.permission", "pk": 8, "fields": {"name": "Can view permission", "content_type": 2, "codename": "view_permission"}}, {"model": "auth.permission", "pk": 9, "fields": {"name": "Can add group", "content_type": 3, "codename": "add_group"}}, {"model": "auth.permission", "pk": 10, "fields": {"name": "Can change group", "content_type": 3, "codename": "change_group"}}, {"model": "auth.permission", "pk": 11, "fields": {"name": "Can delete group", "content_type": 3, "codename": "delete_group"}}, {"model": "auth.permission", "pk": 12, "fields": {"name": "Can view group", "content_type": 3, "codename": "view_group"}}, {"model": "auth.permission", "pk": 13, "fields": {"name": "Can add content type", "content_type": 4, "codename": "add_contenttype"}}, {"model": "auth.permission", "pk": 14, "fields": {"name": "Can change content type", "content_type": 4, "codename": "change_contenttype"}}, {"model": "auth.permission", "pk": 15, "fields": {"name": "Can delete content type", "content_type": 4, "codename": "delete_contenttype"}}, {"model": "auth.permission", "pk": 16, "fields": {"name": "Can view content type", "content_type": 4, "codename": "view_contenttype"}}, {"model": "auth.permission", "pk": 17, "fields": {"name": "Can add session", "content_type": 5, "codename": "add_session"}}, {"model": "auth.permission", "pk": 18, "fields": {"name": "Can change session", "content_type": 5, "codename": "change_session"}}, {"model": "auth.permission", "pk": 19, "fields": {"name": "Can delete session", "content_type": 5, "codename": "delete_session"}}, {"model": "auth.permission", "pk": 20, "fields": {"name": "Can view session", "content_type": 5, "codename": "view_session"}}, {"model": "auth.permission", "pk": 21, "fields": {"name": "Can add my user", "content_type": 6, "codename": "add_myuser"}}, {"model": "auth.permission", "pk": 22, "fields": {"name": "Can change my user", "content_type": 6, "codename": "change_myuser"}}, {"model": "auth.permission", "pk": 23, "fields": {"name": "Can delete my user", "content_type": 6, "codename": "delete_myuser"}}, {"model": "auth.permission", "pk": 24, "fields": {"name": "Can view my user", "content_type": 6, "codename": "view_myuser"}}, {"model": "auth.permission", "pk": 25, "fields": {"name": "Can add post", "content_type": 7, "codename": "add_post"}}, {"model": "auth.permission", "pk": 26, "fields": {"name": "Can change post", "content_type": 7, "codename": "change_post"}}, {"model": "auth.permission", "pk": 27, "fields": {"name": "Can delete post", "content_type": 7, "codename": "delete_post"}}, {"model": "auth.permission", "pk": 28, "fields": {"name": "Can view post", "content_type": 7, "codename": "view_post"}}, {"model": "auth.permission", "pk": 29, "fields": {"name": "Can add comment", "content_type": 8, "codename": "add_comment"}}, {"model": "auth.permission", "pk": 30, "fields": {"name": "Can change comment", "content_type": 8, "codename": "change_comment"}}, {"model": "auth.permission", "pk": 31, "fields": {"name": "Can delete comment", "content_type": 8, "codename": "delete_comment"}}, {"model": "auth.permission", "pk": 32, "fields": {"name": "Can view comment", "content_type": 8, "codename": "view_comment"}}, {"model": "auth.permission", "pk": 33, "fields": {"name": "Can add video", "content_type": 9, "codename": "add_video"}}, {"model": "auth.permission", "pk": 34, "fields": {"name": "Can change video", "content_type": 9, "codename": "change_video"}}, {"model": "auth.permission", "pk": 35, "fields": {"name": "Can delete video", "content_type": 9, "codename": "delete_video"}}, {"model": "auth.permission", "pk": 36, "fields": {"name": "Can view video", "content_type": 9, "codename": "view_video"}}, {"model": "auth.permission", "pk": 37, "fields": {"name": "Can add video comment", "content_type": 10, "codename": "add_videocomment"}}, {"model": "auth.permission", "pk": 38, "fields": {"name": "Can change video comment", "content_type": 10, "codename": "change_videocomment"}}, {"model": "auth.permission", "pk": 39, "fields": {"name": "Can delete video comment", "content_type": 10, "codename": "delete_videocomment"}}, {"model": "auth.permission", "pk": 40, "fields": {"name": "Can view video comment", "content_type": 10, "codename": "view_videocomment"}}, {"model": "auth.permission", "pk": 41, "fields": {"name": "Can add message", "content_type": 11, "codename": "add_message"}}, {"model": "auth.permission", "pk": 42, "fields": {"name": "Can change message", "content_type": 11, "codename": "change_message"}}, {"model": "auth.permission", "pk": 43, "fields": {"name": "Can delete message", "content_type": 11, "codename": "delete_message"}}, {"model": "auth.permission", "pk": 44, "fields": {"name": "Can view message", "content_type": 11, "codename": "view_message"}}, {"model": "auth.permission", "pk": 45, "fields": {"name": "Can add chatroom", "content_type": 12, "codename": "add_chatroom"}}, {"model": "auth.permission", "pk": 46, "fields": {"name": "Can change chatroom", "content_type": 12, "codename": "change_chatroom"}}, {"model": "auth.permission", "pk": 47, "fields": {"name": "Can delete chatroom", "content_type": 12, "codename": "delete_chatroom"}}, {"model": "auth.permission", "pk": 48, "fields": {"name": "Can view chatroom", "content_type": 12, "codename": "view_chatroom"}}, {"model": "auth.permission", "pk": 49, "fields": {"name": "Can add chat model", "content_type": 13, "codename": "add_chatmodel"}}, {"model": "auth.permission", "pk": 50, "fields": {"name": "Can change chat model", "content_type": 13, "codename": "change_chatmodel"}}, {"model": "auth.permission", "pk": 51, "fields": {"name": "Can delete chat model", "content_type": 13, "codename": "delete_chatmodel"}}, {"model": "auth.permission", "pk": 52, "fields": {"name": "Can view chat model", "content_type": 13, "codename": "view_chatmodel"}}, {"model": "auth.permission", "pk": 53, "fields": {"name": "Can add mychats", "content_type": 14, "codename": "add_mychats"}}, {"model": "auth.permission", "pk": 54, "fields": {"name": "Can change mychats", "content_type": 14, "codename": "change_mychats"}}, {"model": "auth.permission", "pk": 55, "fields": {"name": "Can delete mychats", "content_type": 14, "codename": "delete_mychats"}}, {"model": "auth.permission", "pk": 56, "fields": {"name": "Can view mychats", "content_type": 14, "codename": "view_mychats"}}, {"model": "auth.permission", "pk": 57, "fields": {"name": "Can add expenses", "content_type": 15, "codename": "add_expenses"}}, {"model": "auth.permission", "pk": 58, "fields": {"name": "Can change expenses", "content_type": 15, "codename": "change_expenses"}}, {"model": "auth.permission", "pk": 59, "fields": {"name": "Can delete expenses", "content_type": 15, "codename": "delete_expenses"}}, {"model": "auth.permission", "pk": 60, "fields": {"name": "Can view expenses", "content_type": 15, "codename": "view_expenses"}}, {"model": "auth.permission", "pk": 61, "fields": {"name": "Can add expense", "content_type": 16, "codename": "add_expense"}}, {"model": "auth.permission", "pk": 62, "fields": {"name": "Can change expense", "content_type": 16, "codename": "change_expense"}}, {"model": "auth.permission", "pk": 63, "fields": {"name": "Can delete expense", "content_type": 16, "codename": "delete_expense"}}, {"model": "auth.permission", "pk": 64, "fields": {"name": "Can view expense", "content_type": 16, "codename": "view_expense"}}, {"model": "auth.permission", "pk": 65, "fields": {"name": "Can add citizenship verification", "content_type": 17, "codename": "add_citizenshipverification"}}, {"model": "auth.permission", "pk": 66, "fields": {"name": "Can change citizenship verification", "content_type": 17, "codename": "change_citizenshipverification"}}, {"model": "auth.permission", "pk": 67, "fields": {"name": "Can delete citizenship verification", "content_type": 17, "codename": "delete_citizenshipverification"}}, {"model": "auth.permission", "pk": 68, "fields": {"name": "Can view citizenship verification", "content_type": 17, "codename": "view_citizenshipverification"}}, {"model": "auth.permission", "pk": 69, "fields": {"name": "Can add role", "content_type": 18, "codename": "add_role"}}, {"model": "auth.permission", "pk": 70, "fields": {"name": "Can change role", "content_type": 18, "codename": "change_role"}}, {"model": "auth.permission", "pk": 71, "fields": {"name": "Can delete role", "content_type": 18, "codename": "delete_role"}}, {"model": "auth.permission", "pk": 72, "fields": {"name": "Can view role", "content_type": 18, "codename": "view_role"}}, {"model": "auth.permission", "pk": 73, "fields": {"name": "Can add product", "content_type": 19, "codename": "add_product"}}, {"model": "auth.permission", "pk": 74, "fields": {"name": "Can change product", "content_type": 19, "codename": "change_product"}}, {"model": "auth.permission", "pk": 75, "fields": {"name": "Can delete product", "content_type": 19, "codename": "delete_product"}}, {"model": "auth.permission", "pk": 76, "fields": {"name": "Can view product", "content_type": 19, "codename": "view_product"}}, {"model": "auth.permission", "pk": 77, "fields": {"name": "Can add cart item", "content_type": 20, "codename": "add_cartitem"}}, {"model": "auth.permission", "pk": 78, "fields": {"name": "Can change cart item", "content_type": 20, "codename": "change_cartitem"}}, {"model": "auth.permission", "pk": 79, "fields": {"name": "Can delete cart item", "content_type": 20, "codename": "delete_cartitem"}}, {"model": "auth.permission", "pk": 80, "fields": {"name": "Can view cart item", "content_type": 20, "codename": "view_cartitem"}}, {"model": "auth.permission", "pk": 81, "fields": {"name": "Can add notification", "content_type": 21, "codename": "add_notification"}}, {"model": "auth.permission", "pk": 82, "fields": {"name": "Can change notification", "content_type": 21, "codename": "change_notification"}}, {"model": "auth.permission", "pk": 83, "fields": {"name": "Can delete notification", "content_type": 21, "codename": "delete_notification"}}, {"model": "auth.permission", "pk": 84, "fields": {"name": "Can view notification", "content_type": 21, "codename": "view_notification"}}, {"model": "contenttypes.contenttype", "pk": 1, "fields": {"app_label": "admin", "model": "logentry"}}, {"model": "contenttypes.contenttype", "pk": 2, "fields": {"app_label": "auth", "model": "permission"}}, {"model": "contenttypes.contenttype", "pk": 3, "fields": {"app_label": "auth", "model": "group"}}, {"model": "contenttypes.contenttype", "pk": 4, "fields": {"app_label": "contenttypes", "model": "contenttype"}}, {"model": "contenttypes.contenttype", "pk": 5, "fields": {"app_label": "sessions", "model": "session"}}, {"model": "contenttypes.contenttype", "pk": 6, "fields": {"app_label": "api", "model": "myuser"}}, {"model": "contenttypes.contenttype", "pk": 7, "fields": {"app_label": "api", "model": "post"}}, {"model": "contenttypes.contenttype", "pk": 8, "fields": {"app_label": "api", "model": "comment"}}, {"model": "contenttypes.contenttype", "pk": 9, "fields": {"app_label": "api", "model": "video"}}, {"model": "contenttypes.contenttype", "pk": 10, "fields": {"app_label": "api", "model": "videocomment"}}, {"model": "contenttypes.contenttype", "pk": 11, "fields": {"app_label": "api", "model": "message"}}, {"model": "contenttypes.contenttype", "pk": 12, "fields": {"app_label": "api", "model": "chatroom"}}, {"model": "contenttypes.contenttype", "pk": 13, "fields": {"app_label": "api", "model": "chatmodel"}}, {"model": "contenttypes.contenttype", "pk": 14, "fields": {"app_label": "api", "model": "mychats"}}, {"model": "contenttypes.contenttype", "pk": 15, "fields": {"app_label": "api", "model": "expenses"}}, {"model": "contenttypes.contenttype", "pk": 16, "fields": {"app_label": "api", "model": "expense"}}, {"model": "contenttypes.contenttype", "pk": 17, "fields": {"app_label": "api", "model": "citizenshipverification"}}, {"model": "contenttypes.contenttype", "pk": 18, "fields": {"app_label": "api", "model": "role"}}, {"model": "contenttypes.contenttype", "pk": 19, "fields": {"app_label": "api", "model": "product"}}, {"model": "contenttypes.contenttype", "pk": 20, "fields": {"app_label": "api", "model": "cartitem"}}, {"model": "contenttypes.contenttype", "pk": 21, "fields": {"app_label": "api", "model": "notification"}}, {"model": "sessions.session", "pk": "1xb45rnru661ocjcnhh95a1taquouu94", "fields": {"session_data": ".eJxVjMsOwiAUBf-FtSGAPIpL9_0Gch8gVUOT0q6M_65NutDtmZnzEgm2taat5yVNLC7CiNPvhkCP3HbAd2i3WdLc1mVCuSvyoF2OM-fn9XD_Dir0-q2L1jhAsBAcBMqGAIuiwVunLZxJe-UxBseERKxjKBENYUCriKPLWbw__jY46Q:1sS7Z4:XyVHF9SbfzzNZFaBUUV9JiagliL-iSirJWnG8oKZeCo", "expire_date": "2024-07-26T04:07:22.419Z"}}, {"model": "sessions.session", "pk": "9bhbe8cmfdrj2jkmt0tocsw2nrlfio4n", "fields": {"session_data": ".eJxVjMsOwiAQRf-FtSETYHi4dO83kCkDUjWQlHZl_Hdt0oVu7znnvkSkba1xG3mJM4uzUOL0u02UHrntgO_Ubl2m3tZlnuSuyIMOee2cn5fD_TuoNOq3NkAA3iRXirOABslbCEEDGUZKGAJphYoJAruMSXl2hnLR4LOxXMT7A8BjN3k:1sk3Om:DH__zAa50LfOnL0SnuxPU__-hMSFtOWvsmyiOsjc4Jo", "expire_date": "2024-09-13T15:18:52.223Z"}}, {"model": "sessions.session", "pk": "d9asy3j3ld4173xy9ri5urpzhnsyyvc0", "fields": {"session_data": ".eJxVjMsOwiAQRf-FtSFQecy4dN9vIAMMUjUlKe3K-O_apAvd3nPOfYlA21rD1nkJUxYXoZU4_Y6R0oPnneQ7zbcmU5vXZYpyV-RBuxxb5uf1cP8OKvX6rensETlpDUYZbwatEHwh8gUHG6PO1iVABNbAUJJVfmDAjEzWObAg3h_lKjdJ:1uBSFm:RTjLJJpKOluySJXR-pz79yrCt8WpEemIIO-kXMQUBec", "expire_date": "2025-05-18T05:51:06.621Z"}}, {"model": "sessions.session", "pk": "i0mabt9p6mb8rwl1ai1a43vqgpxhi5n9", "fields": {"session_data": ".eJxVjMsOwiAUBf-FtSGAPIpL9_0Gch8gVUOT0q6M_65NutDtmZnzEgm2taat5yVNLC7CiNPvhkCP3HbAd2i3WdLc1mVCuSvyoF2OM-fn9XD_Dir0-q2L1jhAsBAcBMqGAIuiwVunLZxJe-UxBseERKxjKBENYUCriKPLWbw__jY46Q:1sRC4j:tIPKNLhoEWr5jaYnXMWHRigwwMxxR_6vAqFK4qfDStg", "expire_date": "2024-07-23T14:44:13.873Z"}}, {"model": "sessions.session", "pk": "ke7376n0tg5pfmrl6c45ft882gtljjaj", "fields": {"session_data": ".eJxVjMsOwiAQRf-FtSETYHi4dO83kCkDUjWQlHZl_Hdt0oVu7znnvkSkba1xG3mJM4uzUOL0u02UHrntgO_Ubl2m3tZlnuSuyIMOee2cn5fD_TuoNOq3NkAA3iRXirOABslbCEEDGUZKGAJphYoJAruMSXl2hnLR4LOxXMT7A8BjN3k:1smyM6:dhCXCvb1P2-vScOSzY1pnLq_tn_xRJnGrQfBin6dOGw", "expire_date": "2024-09-21T16:32:10.926Z"}}, {"model": "sessions.session", "pk": "te032auucr6w96tpwqmfdr7stjk34e78", "fields": {"session_data": ".eJxVjMsOwiAUBf-FtSGAPIpL9_0Gch8gVUOT0q6M_65NutDtmZnzEgm2taat5yVNLC7CiNPvhkCP3HbAd2i3WdLc1mVCuSvyoF2OM-fn9XD_Dir0-q2L1jhAsBAcBMqGAIuiwVunLZxJe-UxBseERKxjKBENYUCriKPLWbw__jY46Q:1sLypx:O1lMTAykv-wIZofgGWbnF-eB535QjpwHGWfjET9E9mU", "expire_date": "2024-07-09T05:35:25.907Z"}}, {"model": "sessions.session", "pk": "xw32v82rdk465nwimheqy7e0dem69b8x", "fields": {"session_data": ".eJxVjMEOwiAQRP-FsyGWrsB69N5vILsLSNXQpLQn47_bJj3ocea9mbcKtC4lrC3NYYzqqjp1-u2Y5JnqDuKD6n3SMtVlHlnvij5o08MU0-t2uH8HhVrZ1oIJPSRKSBYcohfuWXDLhq30iNw5g95Exx4cWKQzcAZrfb4IZVCfL_DIOAo:1sFWib:y5FCuasWOX-6Xm0uyz1s3mH_WMlWHrRKQvjoBVZY1n0", "expire_date": "2024-06-21T10:21:09.896Z"}}, {"model": "api.myuser", "pk": 1, "fields": {"password": "pbkdf2_sha256$720000$oRJPkXaB2YOAtx0DIXd99X$cRePSkhAZxOag5enKANq6Yee5Hx9hgSSLa5bJ/N9GZY=", "last_login": "2024-06-07T10:21:09.894Z", "email": "pankajpandey@gmail.com", "name": "pankaj", "is_active": true, "is_admin": true}}, {"model": "api.myuser", "pk": 2, "fields": {"password": "pbkdf2_sha256$720000$icBztjTabKerJy2lNHE8QJ$iVFTs763DWsRHWpUvs74oq7tduCxRP8sk/NKTBns3jU=", "last_login": "2024-09-07T16:32:10.924Z", "email": "pankaj@gmail.com", "name": "pankaj", "is_active": true, "is_admin": true}}, {"model": "api.myuser", "pk": 3, "fields": {"password": "pbkdf2_sha256$720000$Zw6dxUTikjQ3n1Lh7olTw7$RybxRcUsPI7ITiKrJ0rnJuOre7zA+WcVexdlFqBtxAs=", "last_login": null, "email": "jaknap@gmail.com", "name": "Guest", "is_active": true, "is_admin": false}}, {"model": "api.myuser", "pk": 4, "fields": {"password": "pbkdf2_sha256$720000$eExfiYrmYks5SKaZaBMcUW$3RqzZSEYWx9YRqqpmRuor9lVcypPlE5GYLpLhOtpG5c=", "last_login": null, "email": "shyam@gmail.com", "name": "shyam", "is_active": true, "is_admin": false}}, {"model": "api.myuser", "pk": 5, "fields": {"password": "pbkdf2_sha256$720000$0tfFyhKOpZde9V0pRaMsF1$d4MXI4IC/4QL+AsY+0fFAT792IoZYpZOC8LVPzNybfc=", "last_login": null, "email": "nepal@gmail.com", "name": "nepla", "is_active": true, "is_admin": false}}, {"model": "api.myuser", "pk": 6, "fields": {"password": "pbkdf2_sha256$720000$VYr9hI5K7xGXLD9WwSrQyD$AYWIO0uL7n6HHux+TYVtrEyGUCVa/3TLZEFW733FA3U=", "last_login": null, "email": "rambhdr@gmail.com", "name": "Ram Bahadur", "is_active": true, "is_admin": false}}, {"model": "api.myuser", "pk": 7, "fields": {"password": "pbkdf2_sha256$720000$KGE1csivsI0dHmPMpqLYyK$jusmmkeUkncU7sS03E9fqT0PkpJQl+B9y0bLzUZUvts=", "last_login": null, "email": "ramshyam@gmail.com", "name": "ramshyam", "is_active": true, "is_admin": false}}, {"model": "api.myuser", "pk": 8, "fields": {"password": "pbkdf2_sha256$720000$EUH3miBZrZiv07tZvEzg94$fLTPFetU8EpFo7MTOwANW+JKEGFrTtKyAxeG7xmOoC0=", "last_login": null, "email": "sworup@gmail.com", "name": "sworup", "is_active": true, "is_admin": false}}, {"model": "api.myuser", "pk": 9, "fields": {"password": "pbkdf2_sha256$720000$M9b9onguBuhI6feuJeyUjb$iE2kyIX7qdpDVS7GQN2ASXzmXo1/mJnkmAoxJppGksk=", "last_login": null, "email": "bistasworup7@gmail.com", "name": "sworup", "is_active": true, "is_admin": false}}, {"model": "api.myuser", "pk": 10, "fields": {"password": "pbkdf2_sha256$720000$0IF8j8sKyUcwLQif6k0w8d$fYz6oy6DMbNy9DuTlM/nXZXpC3DUYntjcTncGVBWXOE=", "last_login": "2025-05-04T05:51:06.619Z", "email": "pankaj98@gmail.com", "name": "pankaj", "is_active": true, "is_admin": true}}, {"model": "api.post", "pk": 4, "fields": {"author": 2, "content": null, "image": "post_images/image_picker_529D14D9-3403-44B9-B24A-7110C33D1F97-29256-000003B91416D314.jpg", "pdf": "", "created_at": "2024-07-01T13:50:58.985Z"}}, {"model": "api.post", "pk": 5, "fields": {"author": 2, "content": null, "image": "post_images/image_picker_9B3616CF-EB2E-46F3-BC01-1C249D9504DC-29256-000003BF4199A99A.jpg", "pdf": "", "created_at": "2024-07-01T14:09:36.138Z"}}, {"model": "api.post", "pk": 6, "fields": {"author": 2, "content": "", "image": "post_images/image_picker_CD6C4898-A1A6-49D0-950F-71AE3F6870AA-29256-00000469BD2C3411.jpg", "pdf": "", "created_at": "2024-07-02T12:11:00.692Z"}}, {"model": "api.post", "pk": 7, "fields": {"author": 5, "content": null, "image": "post_images/image_picker_0853A427-E82E-47DF-AAE7-18C2A4B638FA-29256-000004722A750A7F.jpg", "pdf": "", "created_at": "2024-07-02T12:36:03.909Z"}}, {"model": "api.post", "pk": 8, "fields": {"author": 5, "content": null, "image": "post_images/image_picker_DDFB7056-4F63-4F4A-A3A6-9619EE586FCA-29256-00000472A9630F18.jpg", "pdf": "", "created_at": "2024-07-02T12:37:32.325Z"}}, {"model": "api.post", "pk": 9, "fields": {"author": 5, "content": null, "image": "post_images/image_picker_DDFB7056-4F63-4F4A-A3A6-9619EE586FCA-29256-00000472A9630F18_I5DeUrg.jpg", "pdf": "", "created_at": "2024-07-02T12:39:17.169Z"}}, {"model": "api.post", "pk": 10, "fields": {"author": 2, "content": "Apple from jumla on sale !", "image": "", "pdf": "", "created_at": "2024-07-02T12:48:09.427Z"}}, {"model": "api.post", "pk": 11, "fields": {"author": 6, "content": "Fresh Organic Tomato from bandipur at 50/kg.\ncontact no:98888123", "image": "post_images/image_picker_36D6763E-895C-4580-AD7A-147EDD54177B-95490-000005F20BD49993.jpg", "pdf": "", "created_at": "2024-07-03T14:57:40.285Z"}}, {"model": "api.post", "pk": 12, "fields": {"author": 2, "content": "dfdfd", "image": "", "pdf": "", "created_at": "2024-07-07T03:32:45.184Z"}}, {"model": "api.post", "pk": 13, "fields": {"author": 2, "content": "dfdfd", "image": "", "pdf": "", "created_at": "2024-07-07T03:32:46.941Z"}}, {"model": "api.comment", "pk": 2, "fields": {"comment": "Price plz", "author": 2, "commented_on": 11, "created_at": "2024-07-03T15:40:53.477Z"}}, {"model": "api.comment", "pk": 3, "fields": {"comment": "reply plz", "author": 2, "commented_on": 11, "created_at": "2024-07-04T17:23:13.188Z"}}, {"model": "api.comment", "pk": 5, "fields": {"comment": "Howdy", "author": 2, "commented_on": 10, "created_at": "2024-07-04T17:26:20.805Z"}}, {"model": "api.comment", "pk": 6, "fields": {"comment": "price plz", "author": 2, "commented_on": 10, "created_at": "2024-07-05T01:20:12.607Z"}}, {"model": "api.video", "pk": 3, "fields": {"caption": "Video 1", "video": "video/2024/SampleVideo_1280x720_1mb.mp4", "author": 1, "uploaded_at": "2024-07-11T04:24:01Z"}}, {"model": "api.mychats", "pk": 1, "fields": {"me": 1, "frnd": 2, "chats": [{"message": "Hello from Postman!", "sender_id": 1, "timestamp": "2024-09-16T09:04:17.626565+00:00"}, {"message": "hello", "sender_id": "1", "timestamp": "2024-09-16T09:30:22.541027+00:00"}, {"message": "Hello from Postman!", "sender_id": 1, "timestamp": "2024-09-16T10:33:23.103805+00:00"}, {"message": "hello", "sender_id": 2, "timestamp": "2024-09-27T11:03:28.849639+00:00"}, {"message": "I am kuber", "sender_id": 2, "timestamp": "2024-09-27T11:04:12.207136+00:00"}, {"message": "haha", "sender_id": 2, "timestamp": "2025-01-31T02:42:19.330630+00:00"}, {"message": "its me pankaj", "sender_id": 2, "timestamp": "2025-01-31T08:40:34.122864+00:00"}]}}, {"model": "api.mychats", "pk": 2, "fields": {"me": 1, "frnd": 1, "chats": [{"message": "HELLO", "sender_id": 1, "timestamp": "2024-09-16T11:39:29.689613+00:00"}, {"message": "WHAT HAPPENED?", "sender_id": 1, "timestamp": "2024-09-16T11:43:33.009152+00:00"}, {"message": "h", "sender_id": 1, "timestamp": "2024-09-17T09:39:20.377762+00:00"}, {"message": "haha", "sender_id": 1, "timestamp": "2024-09-17T09:54:19.511253+00:00"}]}}, {"model": "api.mychats", "pk": 3, "fields": {"me": 1, "frnd": 4, "chats": [{"message": "HEHE", "sender_id": 1, "timestamp": "2024-09-16T11:40:19.514900+00:00"}, {"message": "hello shyam", "sender_id": 1, "timestamp": "2024-09-16T11:56:20.784862+00:00"}]}}, {"model": "api.mychats", "pk": 4, "fields": {"me": 1, "frnd": 7, "chats": [{"message": "hlw", "sender_id": 1, "timestamp": "2024-09-16T11:45:07.663218+00:00"}, {"message": "HELLO", "sender_id": 1, "timestamp": "2024-09-16T11:46:59.744980+00:00"}, {"message": "hello", "sender_id": 1, "timestamp": "2024-09-17T09:50:42.243952+00:00"}]}}, {"model": "api.mychats", "pk": 5, "fields": {"me": 4, "frnd": 5, "chats": [{"message": "Hello from Postman!", "sender_id": 4, "timestamp": "2024-09-16T11:57:40.603899+00:00"}]}}, {"model": "api.mychats", "pk": 6, "fields": {"me": 2, "frnd": 1, "chats": [{"message": "Hello", "sender_id": 2, "timestamp": "2024-09-17T10:30:04.384342+00:00"}]}}, {"model": "api.mychats", "pk": 7, "fields": {"me": 2, "frnd": 7, "chats": [{"message": "Hello RamShyam", "sender_id": 2, "timestamp": "2024-09-17T10:30:25.530831+00:00"}, {"message": "hello", "sender_id": 2, "timestamp": "2024-09-17T10:52:07.715972+00:00"}, {"message": "hello", "sender_id": 2, "timestamp": "2024-09-17T11:10:12.539459+00:00"}, {"message": "h", "sender_id": 2, "timestamp": "2024-09-17T11:21:10.756786+00:00"}, {"message": "Hello Shyam", "sender_id": 2, "timestamp": "2024-09-17T11:29:03.752559+00:00"}, {"message": "Hello", "sender_id": 7, "timestamp": "2024-09-17T11:33:10.694288+00:00"}, {"message": "Where Are You?", "sender_id": 2, "timestamp": "2024-09-17T11:34:18.280147+00:00"}, {"message": "I am in school", "sender_id": 7, "timestamp": "2024-09-17T11:35:13.966749+00:00"}, {"message": "oh ok", "sender_id": 2, "timestamp": "2024-09-18T00:14:06.852971+00:00"}]}}, {"model": "api.mychats", "pk": 8, "fields": {"me": 7, "frnd": 2, "chats": [{"message": "Hello pankaj", "sender_id": 7, "timestamp": "2024-09-17T10:31:11.889385+00:00"}, {"message": "Hello Pankaj", "sender_id": 7, "timestamp": "2024-09-17T11:21:47.971669+00:00"}, {"message": "Hello", "sender_id": 7, "timestamp": "2024-09-17T11:23:25.564736+00:00"}, {"message": "Connect", "sender_id": 7, "timestamp": "2024-09-17T11:25:47.608169+00:00"}]}}, {"model": "api.mychats", "pk": 9, "fields": {"me": 1, "frnd": 8, "chats": [{"message": "hello", "sender_id": 8, "timestamp": "2025-03-10T06:55:06.181469+00:00"}]}}, {"model": "api.expense", "pk": 1, "fields": {"user": 2, "amount": "200.00", "category": "Tomato", "date": "2024-09-07", "description": "5 kg tomato"}}, {"model": "api.expense", "pk": 3, "fields": {"user": 2, "amount": "5000.00", "category": "Wheat", "date": "2024-09-08", "description": "50 kg of wheat"}}, {"model": "api.expense", "pk": 4, "fields": {"user": 2, "amount": "400.00", "category": "Vegetable", "date": "2024-07-08", "description": "Pumpkin"}}, {"model": "api.expense", "pk": 5, "fields": {"user": 7, "amount": "30.00", "category": "grains", "date": "2024-02-03", "description": "paddy"}}, {"model": "api.expense", "pk": 6, "fields": {"user": 7, "amount": "400.00", "category": "Crops", "date": "2023-02-23", "description": "Wheat"}}, {"model": "api.expense", "pk": 7, "fields": {"user": 8, "amount": "2500.00", "category": "extra", "date": "2021-12-12", "description": "other"}}, {"model": "api.citizenshipverification", "pk": 2, "fields": {"user": 7, "citizenship_card": "citizenship_cards/image_picker_51D9058C-8759-4328-988D-58115F81158F-66115-0000109138909DFF.jpg", "is_verified": true, "verification_request_sent": true, "verification_date": "2024-09-07T23:20:14Z"}}, {"model": "api.citizenshipverification", "pk": 3, "fields": {"user": 2, "citizenship_card": "citizenship_cards/image_picker_B360F643-0CB3-4B30-9504-34134BDD8D15-83504-000010A884BFC0C5.jpg", "is_verified": true, "verification_request_sent": true, "verification_date": "2024-09-08T01:08:47.111Z"}}, {"model": "api.citizenshipverification", "pk": 4, "fields": {"user": 8, "citizenship_card": "citizenship_cards/image_picker_A7DD912C-DE0E-4F69-98AD-55F41C36E74D-85641-0000041CC37E421E.jpg", "is_verified": false, "verification_request_sent": true, "verification_date": null}}, {"model": "api.role", "pk": 1, "fields": {"user": 2, "role": "farmer"}}, {"model": "api.role", "pk": 2, "fields": {"user": 8, "role": "farmer"}}, {"model": "api.product", "pk": 1, "fields": {"name": "Tomatos", "productimage": "productimage/image_picker_03559555-C058-4AC0-8ABB-2B4278F34200-78222-0000021BFCD001D6.jpg", "description": "Hello", "price": "40.00", "farmer": 2, "user": 7, "created_at": "2024-09-08T04:15:07.620Z"}}, {"model": "api.product", "pk": 2, "fields": {"name": "Tomatoes", "productimage": "productimage/images.jpeg", "description": "The tomato, scientifically known as Solanum lycopersicum, is a widely cultivated fruit that's a staple in many cuisines around the world. Despite being commonly referred to as a vegetable, it's actually a berry, belonging to the nightshade family.", "price": "50.00", "farmer": 2, "user": 4, "created_at": "2024-09-08T05:34:13.471Z"}}, {"model": "api.product", "pk": 3, "fields": {"name": "Tomato", "productimage": "productimage/image_picker_7FB5F112-CEE8-4517-9DE3-91B73A305CEE-93757-0000110A8EC834AB.jpg", "description": "tomato", "price": "50.00", "farmer": 2, "user": 2, "created_at": "2024-09-08T05:45:54.162Z"}}, {"model": "api.product", "pk": 4, "fields": {"name": "Cabbage", "productimage": "productimage/image_picker_B3D366C8-0957-402B-A562-A7BD176FFB8D-15486-000011263CD8CE21.jpg", "description": "Cabbage is a versatile leafy green vegetable known for its crisp texture and mild flavor. It comes in various forms, including green, red, and savoy, each offering unique characteristics.", "price": "25.00", "farmer": 2, "user": 2, "created_at": "2024-09-08T07:37:37.482Z"}}, {"model": "api.product", "pk": 5, "fields": {"name": "Broccoli", "productimage": "productimage/image_picker_47A5D313-600E-4630-BA3A-584BA65E97FF-15486-000011267551DF80.jpg", "description": "Broccoli is a cruciferous vegetable renowned for its vibrant green color and high nutritional value. It has a slightly bitter, earthy flavor that becomes more delicate when cooked.", "price": "30.00", "farmer": 2, "user": 2, "created_at": "2024-09-08T07:38:16.239Z"}}, {"model": "api.product", "pk": 6, "fields": {"name": "Potato", "productimage": "productimage/image_picker_7DAFC3B4-DF73-407A-8B6C-04DD2FB0E08C-15486-00001126A0817C54.jpg", "description": "The potato is a starchy tuber that is a fundamental part of many cuisines around the world. With its mild, slightly nutty flavor and versatile texture, it can be prepared in numerous ways, including baking, boiling, frying, and mashing.", "price": "30.00", "farmer": 2, "user": 2, "created_at": "2024-09-08T07:38:45.923Z"}}, {"model": "api.cartitem", "pk": 1, "fields": {"user": 2, "item": 1, "quantity": 2, "added_at": "2024-09-15T03:05:50.914Z", "price_at_the_time": null}}, {"model": "api.cartitem", "pk": 2, "fields": {"user": 2, "item": 2, "quantity": 2, "added_at": "2024-09-15T03:59:06.104Z", "price_at_the_time": null}}, {"model": "api.cartitem", "pk": 3, "fields": {"user": 2, "item": 4, "quantity": 2, "added_at": "2024-09-15T12:39:08.886Z", "price_at_the_time": null}}, {"model": "api.cartitem", "pk": 4, "fields": {"user": 2, "item": 5, "quantity": 2, "added_at": "2024-09-16T03:28:25.517Z", "price_at_the_time": null}}, {"model": "api.cartitem", "pk": 5, "fields": {"user": 2, "item": 3, "quantity": 1, "added_at": "2024-09-18T04:08:11.462Z", "price_at_the_time": null}}]